scenario,value
S0,57301361.937663406
S1,57270225.310699485
S2,57270225.310699485
S3,57229052.643314734
S4,57228319.53874757
