scenario,value
S0,8242.653238037514
S1,21540.830681511878
S2,21540.830681511878
S3,19310.01344132055
S4,21382.403618638025
