scenario,value
S0,751728.7665618904
S1,751055.7532636228
S2,751055.7532636228
S3,750925.8205832334
S4,750830.247278381
