scenario,value
S0,0.0
S1,7974.6873302865315
S2,6908.792172735555
S3,10527.43372423548
S4,12411.897440399196
