scenario,value
S0,0.0
S1,2.7284841053187847e-12
S2,-1065.8951575509736
S3,1925.9578243379801
S4,2065.2220762542183
