scenario,value
S0,0.0
S1,6777.716257526523
S2,6777.716257526523
S3,7228.332370649383
S4,8814.03312461455
