scenario,value
S0,3356.445640952004
S1,9138.981104563913
S2,9138.981104563913
S3,7536.604432798016
S4,8922.474433213374
