scenario,value
S0,3931.2656409520027
S1,2865.370483401024
S2,3931.2656409520005
S3,-1616.6824147867483
S4,-1956.4369624605897
