scenario,value
S0,0.0
S1,1196.9710727600059
S2,1196.9710727600059
S3,1373.1435292481174
S4,1532.6422395304276
