scenario,value
S0,574.8199999999988
S1,1701.076709123642
S2,1701.076709123642
S3,1374.1468766507148
S4,1532.9860447252327
