scenario,value
S0,4721345.253995577
S1,4717027.367265554
S2,4717027.367265554
S3,4716852.2113994835
S4,4715642.725119583
