scenario,value
S0,6594727.142589027
S1,6565027.123097718
S2,6565027.123097718
S3,6575851.210192035
S4,6571660.405238248
