scenario,value
S0,4151029.830299549
S1,4132802.047867177
S2,4131736.1527096257
S3,4144818.1562750014
S4,4143653.5238429587
