scenario,value
S0,2277647.941706098
S1,2276827.6047047274
S2,2276827.6047047274
S3,2275291.723758215
S4,2275223.946283894
