scenario,value
S0,4154961.095940768
S1,4135667.41835085
S2,4131736.152709894
S3,4144818.1562752677
S4,4143653.52384323
