scenario,value
S0,57301361.937663406
S1,55833597.69851335
S2,55833597.69851335
S3,53692388.566894285
S4,56370306.087123886
