scenario,value
S0,412132.6619018756
S1,1351120.8738213696
S2,1351120.8738213696
S3,1087389.209951833
S4,698651.9427868272
