scenario,value
S0,755195.5470600172
S1,724165.0585178594
S2,724165.0585178594
S3,725559.6742531795
S4,745824.8904978925
