scenario,value
S0,0.0
S1,509395.82813510555
S2,459695.620762286
S3,410661.85157098545
S4,162424.329179535
