scenario,value
S0,0.0
S1,1.1641532182693481e-10
S2,-49700.20737281942
S3,-27730.45498712553
S4,46942.32483845504
