scenario,value
S0,0.0
S1,445644.6612169914
S2,445644.6612169914
S3,379256.99993188836
S4,93890.73903490198
