scenario,value
S0,167822.28204760005
S1,567106.0552926225
S2,567106.0552926225
S3,407034.6891195465
S4,249834.52076820823
