scenario,value
S0,196563.28204760005
S1,146863.07467477955
S2,196563.2820475991
S3,55621.45622667851
S4,135569.53260328414
