scenario,value
S0,28741.0
S1,89152.8475172626
S2,89152.8475172626
S3,59248.61867811746
S4,48159.34101461091
