scenario,value
S0,0.0
S1,63751.16691811405
S2,63751.16691811405
S3,59135.30662622262
S4,21591.265306178
