scenario,value
S0,4721345.253995577
S1,4510206.486375556
S2,4510206.486375556
S3,4555132.8455071235
S4,4706399.617537351
