scenario,value
S0,0.0
S1,17708.657477253983
S2,17708.657477253983
S3,16426.474062839516
S4,5997.573696160543
