scenario,value
S0,0.0
S1,527104.4856123595
S2,477404.27823954
S3,427088.325633825
S4,168421.90287569555
