scenario,value
S0,6594727.142589027
S1,5126834.472854515
S2,5126834.472854515
S3,6011463.7455632575
S4,6105097.788163112
