scenario,value
S0,4151029.830299549
S1,3379458.9862206597
S2,3329758.7788478397
S3,4044584.975272364
S4,3829053.5748066735
