scenario,value
S0,2277647.941706098
S1,2235726.5141293416
S2,2235726.5141293416
S3,2161165.749582405
S4,2261933.5013052174
