scenario,value
S0,4347593.112347416
S1,3526322.0608955594
S2,3329758.7788479594
S3,4044584.975272566
S4,3829053.5748069026
